Populouscurrency_marketcap,Tether,Ethereum Classiccurrency_marketcap,Stratiscurrency_marketcap,EOS,Monero,ICONcurrency_volume,Stellarcurrency_volume,Stratiscurrency_volume,Dash,Litecoincurrency_volume,ICONcurrency_marketcap,Ethereum,Bitcoincurrency_marketcap,IOTA,Cardanocurrency_volume,VeChaincurrency_volume,NEOcurrency_marketcap,Bitcoincurrency_volume,Qtumcurrency_volume,Zcashcurrency_marketcap,Ethereumcurrency_volume,EOScurrency_volume,Steemcurrency_marketcap,IOTAcurrency_marketcap,Binance Coincurrency_volume,Liskcurrency_volume,Ethereum Classic,NEO,EOScurrency_marketcap,time,ICON,Bitcoin Goldcurrency_marketcap,TRONcurrency_marketcap,OmiseGOcurrency_volume,Steemcurrency_volume,Dashcurrency_volume,DigixDAOcurrency_marketcap,VeChaincurrency_marketcap,Cardanocurrency_marketcap,Bitcoin Cashcurrency_volume,Tethercurrency_volume,Ripplecurrency_volume,Binance Coincurrency_marketcap,OmiseGO,Nanocurrency_marketcap,Bitcoin Cashcurrency_marketcap,Ripplecurrency_marketcap,Bitcoin Gold,Monerocurrency_marketcap,Zcash,Qtumcurrency_marketcap,Nano,Zcashcurrency_volume,Liskcurrency_marketcap,Populous,Qtum,Ethereum Classiccurrency_volume,Ethereumcurrency_marketcap,Bitcoin Cash,IOTAcurrency_volume,DigixDAOcurrency_volume,Stellarcurrency_marketcap,Stellar,OmiseGOcurrency_marketcap,Stratis,Bitcoin Goldcurrency_volume,Binance Coin,VeChain,Monerocurrency_volume,NEMcurrency_volume,DigixDAO,NEOcurrency_volume,Vergecurrency_volume,Lisk,Dashcurrency_marketcap,TRONcurrency_volume,Cardano,Steem,Tethercurrency_marketcap,NEMcurrency_marketcap,Litecoincurrency_marketcap,TRON,Bitcoin,NEM,Nanocurrency_volume,Vergecurrency_marketcap,Ripple,Populouscurrency_volume,Litecoin,Verge
"$809,829,42",$0.998577,"$2,799,900,88","$827,174,41",$8.12,$369.94,"$18,164,100","$93,735,500","$8,319,390",$610.35,"$608,571,000","$1,399,730,17",$860.04,"$194,948,840,00",$1.87,"$206,397,000","$37,720,900","$7,672,015,00","$6,411,550,000","$95,298,000","$1,351,566,09","$1,863,470,000","$222,745,000","$875,961,58","$5,210,396,28","$38,380,700","$29,038,400",$27.91,$118.03,"$5,755,036,83",1520269930.4385295,$3.63,"$1,887,977,53","$3,126,642,14","$41,319,400","$7,192,190","$117,213,000","$991,998,00","$2,237,672,83","$8,034,150,98","$347,909,000","$2,248,560,000","$1,915,380,000","$1,019,279,82",$17.39,"$2,023,388,59","$21,673,937,29","$41,139,593,39",$111.97,"$5,841,828,86",$395.85,"$2,003,522,81",$15.19,"$54,068,800","$1,920,002,71",$21.88,$27.10,"$621,123,000","$84,284,894,04",$1274.84,"$24,674,000","$30,490,900","$7,182,622,41",$0.388920,"$1,774,897,53",$8.38,"$21,400,000",$10.29,$4.71,"$133,659,000","$74,350,800",$496.00,"$194,849,000","$14,717,600",$18.73,"$4,838,886,13","$295,405,000",$0.309875,$3.49,"$2,213,985,82","$3,275,469,00","$11,777,995,94",$0.047555,$11534.30,$0.363941,"$55,018,500","$823,512,13",$1.05,"$4,076,880",$212.24,$0.056128
"$809,829,42",$0.998577,"$2,799,900,88","$827,174,41",$8.12,$369.94,"$18,164,100","$93,735,500","$8,319,390",$610.35,"$608,571,000","$1,399,730,17",$860.04,"$194,948,840,00",$1.87,"$206,397,000","$37,720,900","$7,672,015,00","$6,411,550,000","$95,298,000","$1,351,566,09","$1,863,470,000","$222,745,000","$875,961,58","$5,210,396,28","$38,380,700","$29,038,400",$27.91,$118.03,"$5,755,036,83",1520270235.2966135,$3.63,"$1,887,977,53","$3,126,642,14","$41,319,400","$7,192,190","$117,213,000","$991,998,00","$2,237,672,83","$8,034,150,98","$347,909,000","$2,248,560,000","$1,915,380,000","$1,019,279,82",$17.39,"$2,023,388,59","$21,673,937,29","$41,139,593,39",$111.97,"$5,841,828,86",$395.85,"$2,003,522,81",$15.19,"$54,068,800","$1,920,002,71",$21.88,$27.10,"$621,123,000","$84,284,894,04",$1274.84,"$24,674,000","$30,490,900","$7,182,622,41",$0.388920,"$1,774,897,53",$8.38,"$21,400,000",$10.29,$4.71,"$133,659,000","$74,350,800",$496.00,"$194,849,000","$14,717,600",$18.73,"$4,838,886,13","$295,405,000",$0.309875,$3.49,"$2,213,985,82","$3,275,469,00","$11,777,995,94",$0.047555,$11534.30,$0.363941,"$55,018,500","$823,512,13",$1.05,"$4,076,880",$212.24,$0.056128
"$807,716,49",$0.999316,"$2,802,057,35","$827,760,08",$8.12,$369.96,"$18,040,800","$93,772,700","$8,336,560",$609.70,"$608,529,000","$1,398,074,38",$860.35,"$195,182,082,94",$1.88,"$205,253,000","$37,874,100","$7,672,925,00","$6,412,400,000","$95,688,500","$1,350,627,14","$1,863,380,000","$222,797,000","$876,134,76","$5,212,953,45","$38,451,300","$29,075,200",$27.94,$118.05,"$5,753,711,59",1520270543.5008633,$3.62,"$1,885,431,36","$3,133,828,42","$41,177,100","$7,239,610","$117,171,000","$994,266,00","$2,243,887,04","$8,023,339,39","$348,034,000","$2,244,830,000","$1,911,430,000","$1,018,844,15",$17.38,"$2,021,216,64","$21,661,356,33","$41,106,365,23",$111.81,"$5,842,065,72",$395.57,"$1,998,554,92",$15.17,"$54,136,300","$1,921,273,72",$21.83,$27.03,"$621,216,000","$84,315,862,50",$1274.10,"$24,624,500","$30,422,900","$7,168,771,32",$0.388170,"$1,773,866,90",$8.38,"$21,372,200",$10.29,$4.72,"$133,102,000","$74,245,100",$497.13,"$194,678,000","$14,741,700",$18.74,"$4,833,756,65","$295,329,000",$0.309458,$3.49,"$2,215,624,28","$3,268,143,00","$11,771,947,12",$0.047664,$11548.10,$0.363127,"$54,874,400","$825,018,93",$1.05,"$4,079,760",$212.13,$0.056231
"$815,309,72",$0.998860,"$2,795,717,69","$825,274,32",$8.12,$370.05,"$17,687,900","$93,782,600","$8,362,280",$609.99,"$608,078,000","$1,395,364,89",$859.64,"$195,195,892,99",$1.87,"$203,546,000","$37,777,800","$7,664,150,00","$6,410,490,000","$95,956,700","$1,349,217,51","$1,854,800,000","$222,584,000","$878,411,20","$5,207,366,59","$38,451,400","$29,121,600",$27.87,$117.91,"$5,754,019,92",1520270848.6314855,$3.62,"$1,882,398,98","$3,128,114,90","$41,169,300","$7,277,620","$117,102,000","$991,396,00","$2,241,126,75","$8,026,321,00","$347,936,000","$2,247,860,000","$1,901,250,000","$1,018,636,22",$17.38,"$2,019,537,72","$21,642,702,63","$40,884,713,84",$111.64,"$5,843,440,63",$395.14,"$1,999,502,27",$15.16,"$54,266,500","$1,919,130,18",$22.03,$27.05,"$619,889,000","$84,246,369,38",$1273.00,"$24,533,900","$30,222,200","$7,130,431,49",$0.386094,"$1,773,183,21",$8.36,"$21,338,300",$10.29,$4.72,"$132,045,000","$74,054,700",$495.70,"$192,345,000","$14,888,000",$18.72,"$4,836,046,53","$294,592,000",$0.309573,$3.50,"$2,214,613,27","$3,270,483,00","$11,759,387,12",$0.047577,$11548.90,$0.363387,"$54,477,400","$818,364,71",$1.05,"$4,129,710",$211.90,$0.055778
"$822,303,48",$1.00,"$2,791,866,12","$825,621,97",$8.11,$370.23,"$17,604,700","$93,577,000","$8,377,350",$610.16,"$608,257,000","$1,395,465,24",$859.25,"$195,195,892,99",$1.87,"$204,075,000","$37,763,400","$7,668,700,00","$6,410,490,000","$96,247,600","$1,348,346,80","$1,854,600,000","$222,345,000","$874,684,07","$5,207,700,14","$38,504,700","$29,079,800",$27.83,$117.98,"$5,750,058,39",1520271153.6991844,$3.62,"$1,883,495,01","$3,130,942,07","$41,187,300","$7,254,940","$116,887,000","$993,320,00","$2,237,725,09","$8,061,892,94","$347,635,000","$2,250,520,000","$1,891,750,000","$1,019,428,34",$17.37,"$2,017,832,14","$21,637,772,25","$40,813,957,39",$111.70,"$5,846,409,36",$394.88,"$2,000,500,28",$15.14,"$54,354,200","$1,917,818,16",$22.22,$27.06,"$619,019,000","$84,208,148,72",$1272.71,"$24,531,000","$30,075,000","$7,098,186,15",$0.384348,"$1,772,948,52",$8.36,"$21,437,300",$10.30,$4.71,"$131,950,000","$74,003,000",$496.66,"$192,106,000","$14,727,700",$18.71,"$4,837,402,24","$294,540,000",$0.310945,$3.48,"$2,217,273,84","$3,270,168,00","$11,765,935,40",$0.047620,$11548.90,$0.363352,"$54,414,300","$817,733,81",$1.04,"$4,161,550",$212.02,$0.055734
"$815,790,77",$1.00,"$2,785,988,46","$825,958,76",$8.10,$370.39,"$17,484,600","$94,435,200","$8,390,070",$610.17,"$608,897,000","$1,395,939,98",$859.37,"$195,194,202,82",$1.87,"$203,427,000","$37,911,300","$7,672,535,00","$6,404,100,000","$96,413,500","$1,347,742,42","$1,853,410,000","$222,116,000","$873,406,55","$5,208,005,89","$38,557,800","$29,040,400",$27.78,$118.04,"$5,742,709,35",1520271458.7304559,$3.62,"$1,882,449,56","$3,129,581,08","$41,137,700","$7,247,760","$116,684,000","$994,506,00","$2,230,171,11","$8,030,261,92","$347,329,000","$2,249,560,000","$1,884,230,000","$1,019,804,59",$17.38,"$2,017,232,52","$21,634,541,99","$40,673,617,27",$111.64,"$5,848,809,61",$394.70,"$1,998,652,11",$15.14,"$54,369,800","$1,916,598,39",$22.05,$27.04,"$616,510,000","$84,219,222,91",$1272.52,"$24,442,300","$30,023,500","$7,026,529,83",$0.380468,"$1,773,428,12",$8.36,"$21,422,900",$10.30,$4.69,"$131,343,000","$74,083,000",$497.25,"$192,176,000","$14,746,100",$18.70,"$4,837,521,16","$294,321,000",$0.309725,$3.48,"$2,218,293,72","$3,278,673,00","$11,762,716,75",$0.047600,$11548.80,$0.364297,"$54,426,800","$821,749,53",$1.04,"$4,186,100",$211.96,$0.056008
"$813,503,92",$0.999361,"$2,778,675,89","$825,386,07",$8.11,$370.03,"$17,411,500","$94,421,400","$8,368,640",$609.80,"$608,330,000","$1,392,732,60",$859.37,"$195,045,906,50",$1.86,"$202,543,000","$37,995,300","$7,674,225,00","$6,403,230,000","$96,396,000","$1,346,551,87","$1,853,410,000","$222,177,000","$874,312,61","$5,183,434,84","$38,552,300","$29,054,000",$27.70,$118.06,"$5,747,280,35",1520271763.8879125,$3.61,"$1,881,336,66","$3,125,741,39","$41,020,200","$7,239,070","$116,609,000","$993,648,00","$2,219,415,01","$8,015,457,56","$347,234,000","$2,245,080,000","$1,878,610,000","$1,018,883,76",$17.37,"$2,023,775,01","$21,636,783,98","$40,563,377,95",$111.57,"$5,843,199,21",$394.35,"$1,993,278,48",$15.19,"$54,430,100","$1,918,524,36",$21.98,$26.96,"$614,773,000","$84,219,222,91",$1272.65,"$24,783,300","$29,788,600","$6,964,699,01",$0.377120,"$1,772,877,09",$8.36,"$21,386,100",$10.29,$4.67,"$131,600,000","$73,945,600",$496.82,"$192,383,000","$14,603,500",$18.72,"$4,834,619,86","$294,058,000",$0.309154,$3.48,"$2,215,724,06","$3,270,753,00","$11,747,381,98",$0.047541,$11540.00,$0.363417,"$54,309,800","$819,053,98",$1.04,"$4,177,850",$211.69,$0.055824
"$828,694,08",$0.999899,"$2,773,911,56","$824,402,37",$8.10,$371.06,"$17,365,200","$94,647,700","$8,361,800",$609.16,"$608,063,000","$1,393,724,54",$858.00,"$195,007,032,53",$1.86,"$202,162,000","$38,027,200","$7,649,590,00","$6,399,140,000","$96,648,300","$1,346,077,24","$1,856,100,000","$221,908,000","$877,138,70","$5,171,065,93","$38,629,900","$29,025,400",$27.66,$117.69,"$5,743,063,69",1520272068.9436114,$3.61,"$1,880,426,11","$3,122,901,07","$40,805,100","$7,248,330","$116,571,000","$991,434,00","$2,213,115,28","$8,013,305,61","$346,729,000","$2,248,720,000","$1,868,400,000","$1,018,230,27",$17.37,"$2,025,427,29","$21,602,781,26","$40,339,771,96",$111.52,"$5,859,543,05",$394.21,"$1,993,869,90",$15.20,"$54,482,500","$1,915,418,54",$22.39,$26.97,"$613,818,000","$84,085,710,26",$1270.65,"$24,846,800","$29,686,700","$6,967,653,91",$0.377280,"$1,772,438,30",$8.35,"$21,321,100",$10.28,$4.66,"$131,922,000","$73,767,400",$495.72,"$191,757,000","$14,576,300",$18.69,"$4,829,522,05","$293,677,000",$0.309071,$3.49,"$2,216,916,88","$3,267,675,00","$11,740,001,26",$0.047498,$11537.70,$0.363075,"$54,195,000","$816,911,86",$1.03,"$4,340,400",$211.55,$0.055678
"$837,023,68",$0.998773,"$2,769,909,53","$823,478,91",$8.10,$372.17,"$17,298,900","$94,222,000","$8,360,880",$609.73,"$609,058,000","$1,392,856,11",$858.47,"$194,910,692,70",$1.86,"$202,278,000","$38,155,200","$7,658,365,00","$6,402,770,000","$96,797,200","$1,347,835,76","$1,856,230,000","$221,833,000","$876,860,11","$5,170,704,59","$38,688,100","$29,134,600",$27.62,$117.82,"$5,743,843,24",1520272373.9453766,$3.61,"$1,878,959,11","$3,119,127,12","$40,716,400","$7,249,140","$116,763,000","$991,746,00","$2,223,899,89","$8,017,324,31","$346,594,000","$2,247,500,000","$1,869,360,000","$1,017,824,31",$17.36,"$2,024,934,27","$21,606,691,57","$40,400,755,41",$111.43,"$5,877,039,65",$394.73,"$1,993,581,58",$15.20,"$54,587,800","$1,922,265,69",$22.62,$26.97,"$613,684,000","$84,131,281,18",$1270.88,"$24,822,000","$29,593,800","$6,967,635,44",$0.377279,"$1,771,754,62",$8.34,"$21,213,300",$10.28,$4.68,"$132,332,000","$73,386,500",$495.87,"$192,024,000","$14,582,400",$18.75,"$4,834,064,89","$293,725,000",$0.309226,$3.49,"$2,214,420,38","$3,263,868,00","$11,740,223,24",$0.047440,$11532.00,$0.362652,"$54,227,000","$816,624,29",$1.03,"$4,375,390",$211.56,$0.055659
"$837,982,09",$0.998976,"$2,763,399,95","$823,679,41",$8.11,$371.89,"$17,221,100","$94,072,400","$8,342,890",$610.15,"$609,181,000","$1,393,002,78",$858.50,"$194,822,803,73",$1.86,"$202,291,000","$38,272,900","$7,656,610,00","$6,403,350,000","$97,155,800","$1,348,091,85","$1,856,490,000","$221,765,000","$877,219,02","$5,167,174,59","$38,773,500","$29,116,100",$27.55,$117.79,"$5,746,890,58",1520272679.1263113,$3.61,"$1,883,410,70","$3,115,655,62","$40,854,000","$7,247,920","$116,773,000","$993,064,00","$2,223,538,81","$8,018,387,32","$346,407,000","$2,247,500,000","$1,873,060,000","$1,017,953,03",$17.39,"$2,021,563,09","$21,607,881,66","$40,527,022,43",$111.69,"$5,872,523,38",$394.80,"$1,994,845,73",$15.17,"$54,520,900","$1,917,273,83",$22.65,$26.98,"$613,450,000","$84,134,417,25",$1270.95,"$24,785,800","$29,447,200","$6,941,595,38",$0.375869,"$1,774,591,40",$8.34,"$21,352,600",$10.28,$4.68,"$132,146,000","$73,483,400",$496.53,"$192,135,000","$14,580,200",$18.70,"$4,837,347,14","$293,525,000",$0.309267,$3.50,"$2,214,870,46","$3,270,825,00","$11,743,885,85",$0.047388,$11526.80,$0.363425,"$54,172,600","$820,908,52",$1.04,"$4,412,280",$211.62,$0.055951
"$835,610,13",$0.998972,"$2,752,376,68","$823,801,08",$8.11,$372.18,"$17,163,500","$94,012,400","$8,334,780",$610.24,"$608,541,000","$1,392,759,62",$858.20,"$194,886,055,00",$1.87,"$202,380,000","$38,391,800","$7,634,575,00","$6,399,640,000","$97,297,400","$1,348,117,67","$1,855,870,000","$221,559,000","$875,740,71","$5,188,354,61","$38,851,000","$29,192,700",$27.44,$117.45,"$5,744,006,29",1520272984.4398124,$3.61,"$1,884,829,91","$3,117,391,37","$40,632,800","$7,228,860","$116,849,000","$993,814,00","$2,217,367,36","$8,027,435,87","$346,020,000","$2,246,430,000","$1,869,740,000","$1,018,121,35",$17.41,"$2,026,026,91","$21,606,383,31","$40,473,075,53",$111.78,"$5,877,131,80",$394.80,"$1,993,693,23",$15.20,"$54,446,500","$1,922,561,62",$22.58,$26.97,"$611,562,000","$84,105,585,33",$1270.86,"$24,966,200","$29,403,700","$6,928,833,91",$0.375178,"$1,776,591,43",$8.34,"$21,316,400",$10.28,$4.67,"$132,303,000","$73,414,700",$496.91,"$191,925,000","$14,538,000",$18.76,"$4,838,081,80","$293,409,000",$0.309616,$3.49,"$2,214,861,59","$3,271,104,00","$11,741,346,39",$0.047414,$11530.50,$0.363456,"$54,086,200","$818,114,05",$1.04,"$4,430,460",$211.58,$0.055760
"$841,297,65",$0.999516,"$2,752,276,38","$823,017,87",$8.11,$371.60,"$17,153,600","$94,038,400","$8,332,620",$609.78,"$608,888,000","$1,389,729,78",$858.18,"$194,872,533,57",$1.86,"$202,321,000","$38,280,700","$7,657,650,00","$6,389,020,000","$97,523,600","$1,347,851,33","$1,855,620,000","$221,606,000","$875,986,68","$5,183,823,97","$38,817,800","$29,136,000",$27.44,$117.81,"$5,747,195,36",1520273289.5153399,$3.60,"$1,879,585,79","$3,114,228,88","$40,527,700","$7,225,380","$117,088,000","$990,064,00","$2,213,960,94","$8,013,824,16","$345,765,000","$2,248,700,000","$1,869,020,000","$1,016,853,97",$17.44,"$2,020,124,01","$21,597,882,62","$40,464,866,22",$111.47,"$5,868,051,86",$394.72,"$1,996,288,06",$15.16,"$54,451,700","$1,918,881,78",$22.74,$27.00,"$612,998,000","$84,103,919,29",$1270.36,"$24,931,300","$29,334,400","$6,922,979,52",$0.374861,"$1,779,571,08",$8.33,"$21,436,300",$10.27,$4.66,"$132,335,000","$73,345,900",$495.03,"$192,229,000","$14,515,100",$18.72,"$4,834,466,55","$293,134,000",$0.309091,$3.49,"$2,216,067,71","$3,257,802,00","$11,740,236,50",$0.047366,$11529.70,$0.361978,"$53,756,400","$819,303,96",$1.04,"$4,432,510",$211.56,$0.055841
"$814,303,21",$0.998639,"$2,751,012,57","$825,315,15",$8.12,$371.61,"$17,194,300","$94,022,000","$8,281,270",$609.85,"$609,357,000","$1,393,936,82",$858.45,"$194,984,085,36",$1.87,"$202,307,000","$38,363,600","$7,636,785,00","$6,398,790,000","$97,675,800","$1,348,715,24","$1,854,970,000","$222,150,000","$877,206,47","$5,186,909,25","$38,857,000","$29,140,100",$27.43,$117.49,"$5,757,116,91",1520273594.5544071,$3.61,"$1,880,445,76","$3,110,007,85","$40,480,500","$7,238,460","$117,134,000","$990,692,00","$2,209,960,66","$8,020,487,41","$346,370,000","$2,247,970,000","$1,865,930,000","$1,015,962,85",$17.43,"$2,021,030,10","$21,619,474,38","$40,422,255,99",$111.52,"$5,868,225,57",$394.97,"$1,996,376,78",$15.17,"$54,538,000","$1,920,552,57",$22.01,$27.00,"$612,657,000","$84,130,477,92",$1271.63,"$24,964,000","$29,278,200","$6,930,496,04",$0.375268,"$1,778,540,45",$8.36,"$21,454,000",$10.26,$4.65,"$132,221,000","$73,276,500",$495.35,"$191,319,000","$14,528,200",$18.74,"$4,834,997,74","$293,014,000",$0.309348,$3.50,"$2,214,123,28","$3,258,198,00","$11,749,948,03",$0.047302,$11536.30,$0.362022,"$53,662,100","$822,910,35",$1.03,"$4,466,470",$211.73,$0.056087
"$830,207,54",$0.998890,"$2,750,180,07","$825,464,28",$8.11,$370.70,"$17,159,600","$93,973,200","$8,317,710",$609.63,"$608,851,000","$1,392,647,69",$857.47,"$194,963,803,22",$1.86,"$202,722,000","$38,374,700","$7,648,615,00","$6,396,390,000","$97,879,800","$1,348,684,51","$1,853,820,000","$221,803,000","$881,867,27","$5,177,736,80","$38,732,400","$29,118,900",$27.42,$117.67,"$5,745,749,65",1520273899.7761703,$3.61,"$1,882,368,04","$3,110,560,13","$40,396,100","$7,258,200","$117,113,000","$990,116,00","$2,209,552,08","$8,035,369,55","$346,091,000","$2,242,400,000","$1,861,830,000","$1,016,418,31",$17.43,"$2,019,604,34","$21,607,403,40","$40,339,381,04",$111.63,"$5,853,839,80",$394.96,"$1,994,890,84",$15.16,"$54,617,300","$1,923,740,40",$22.44,$26.98,"$612,677,000","$84,033,749,64",$1270.92,"$24,924,900","$29,263,700","$6,910,495,06",$0.374185,"$1,778,264,93",$8.36,"$21,461,500",$10.27,$4.65,"$132,192,000","$73,164,400",$495.06,"$191,304,000","$14,519,900",$18.77,"$4,833,293,18","$293,077,000",$0.309922,$3.51,"$2,214,679,78","$3,265,272,00","$11,737,017,82",$0.047310,$11535.10,$0.362808,"$53,615,400","$818,599,70",$1.03,"$4,542,360",$211.50,$0.055793
"$826,281,41",$0.999455,"$2,752,625,42","$821,657,01",$8.11,$369.75,"$17,059,300","$94,168,800","$8,243,860",$609.35,"$608,009,000","$1,392,748,04",$858.34,"$194,894,505,89",$1.86,"$202,363,000","$38,437,300","$7,638,345,00","$6,387,060,000","$98,114,800","$1,349,122,38","$1,854,490,000","$221,563,000","$879,475,38","$5,177,180,90","$38,632,000","$29,118,300",$27.44,$117.51,"$5,744,700,90",1520274204.7793736,$3.61,"$1,883,683,29","$3,112,670,65","$40,282,600","$7,247,400","$117,150,000","$992,680,00","$2,213,789,91","$8,001,405,09","$346,926,000","$2,238,940,000","$1,858,320,000","$1,017,032,20",$17.43,"$2,017,752,19","$21,625,780,80","$40,259,242,53",$111.71,"$5,838,815,14",$395.09,"$1,995,409,30",$15.14,"$54,285,500","$1,927,849,54",$22.33,$26.99,"$613,116,000","$84,119,348,00",$1272.00,"$24,847,100","$29,003,800","$6,885,526,16",$0.372833,"$1,778,887,39",$8.32,"$21,482,100",$10.27,$4.66,"$131,625,000","$72,936,700",$496.34,"$190,614,000","$14,551,700",$18.81,"$4,831,045,48","$292,857,000",$0.308612,$3.50,"$2,215,932,47","$3,260,016,00","$11,718,902,82",$0.047342,$11531.00,$0.362224,"$53,498,300","$818,371,87",$1.03,"$4,504,240",$211.17,$0.055777
"$821,422,79",$0.998566,"$2,756,356,66","$818,889,61",$8.10,$367.38,"$16,931,600","$93,779,800","$8,228,930",$608.79,"$607,918,000","$1,388,757,15",$857.72,"$194,796,475,53",$1.86,"$201,519,000","$38,268,400","$7,646,665,00","$6,370,140,000","$97,877,500","$1,347,770,14","$1,854,190,000","$220,940,000","$877,113,60","$5,177,597,83","$38,577,300","$28,998,700",$27.48,$117.64,"$5,741,937,04",1520274509.8120992,$3.60,"$1,880,850,45","$3,110,928,32","$40,056,200","$7,231,740","$116,144,000","$989,848,00","$2,210,967,86","$7,963,318,22","$346,342,000","$2,234,730,000","$1,858,100,000","$1,014,824,19",$17.45,"$2,014,434,31","$21,603,338,95","$40,297,943,57",$111.54,"$5,801,342,50",$394.69,"$1,993,376,31",$15.12,"$54,114,600","$1,921,094,58",$22.20,$26.96,"$613,665,000","$84,058,488,39",$1270.68,"$24,823,700","$28,745,200","$6,861,609,94",$0.371538,"$1,780,662,93",$8.29,"$21,362,900",$10.25,$4.65,"$131,116,000","$72,706,500",$494.92,"$189,951,000","$14,480,900",$18.74,"$4,826,597,75","$292,494,000",$0.307143,$3.49,"$2,213,961,43","$3,257,748,00","$11,724,008,32",$0.047316,$11525.20,$0.361972,"$53,324,100","$819,046,79",$1.03,"$4,497,120",$211.26,$0.055823
"$827,354,53",$0.998066,"$2,763,458,06","$820,365,16",$8.10,$366.17,"$16,862,000","$93,772,800","$8,252,730",$608.80,"$607,009,000","$1,387,564,51",$857.37,"$194,921,548,75",$1.86,"$200,909,000","$38,397,700","$7,621,120,00","$6,350,780,000","$98,133,600","$1,347,893,07","$1,853,530,000","$220,249,000","$879,063,76","$5,179,487,91","$38,574,100","$28,920,300",$27.55,$117.25,"$5,742,539,42",1520274814.826343,$3.60,"$1,882,654,70","$3,111,743,60","$39,915,600","$7,216,470","$116,890,000","$989,764,00","$2,211,504,71","$7,959,636,58","$345,478,000","$2,231,280,000","$1,854,020,000","$1,014,586,55",$17.46,"$2,018,271,86","$21,608,439,37","$40,265,497,24",$111.65,"$5,782,235,09",$394.73,"$1,992,540,93",$15.15,"$54,033,200","$1,914,524,12",$22.36,$26.95,"$615,044,000","$84,023,991,48",$1270.98,"$24,736,200","$28,680,100","$6,846,761,57",$0.370734,"$1,781,530,29",$8.31,"$21,465,500",$10.25,$4.65,"$130,868,000","$72,532,100",$494.88,"$189,348,000","$14,443,100",$18.68,"$4,826,692,89","$292,337,000",$0.307001,$3.50,"$2,212,852,86","$3,252,285,00","$11,726,339,09",$0.047328,$11532.60,$0.361365,"$53,010,300","$817,176,09",$1.03,"$4,499,440",$211.31,$0.055696
"$831,695,10",$1.00,"$2,768,051,91","$824,026,38",$8.10,$366.68,"$16,866,100","$93,815,600","$8,210,750",$609.57,"$606,709,000","$1,385,105,91",$858.17,"$194,960,422,86",$1.87,"$200,844,000","$38,349,700","$7,644,455,00","$6,338,630,000","$98,523,800","$1,349,470,69","$1,853,650,000","$219,656,000","$878,074,88","$5,184,518,86","$38,592,100","$28,984,000",$27.60,$117.61,"$5,742,893,76",1520275120.2075138,$3.59,"$1,882,536,66","$3,116,023,81","$39,889,800","$7,198,800","$116,548,000","$990,700,00","$2,212,326,62","$7,962,384,85","$345,600,000","$2,228,320,000","$1,856,430,000","$1,015,537,09",$17.47,"$2,023,148,75","$21,620,850,39","$40,392,546,10",$111.64,"$5,790,367,58",$395.19,"$1,992,710,97",$15.18,"$54,002,800","$1,917,301,96",$22.48,$26.96,"$615,544,000","$84,102,883,57",$1271.71,"$24,636,700","$28,624,100","$6,858,488,83",$0.371369,"$1,782,540,52",$8.34,"$21,407,400",$10.26,$4.66,"$130,765,000","$72,507,100",$495.35,"$189,557,000","$14,421,200",$18.70,"$4,832,805,54","$292,475,000",$0.307107,$3.50,"$2,217,495,55","$3,250,521,00","$11,738,270,43",$0.047393,$11534.90,$0.361169,"$52,908,000","$818,294,11",$1.03,"$4,520,420",$211.52,$0.055772
"$836,664,74",$0.996591,"$2,766,835,75","$818,763,35",$8.11,$368.19,"$16,951,100","$93,802,000","$8,231,620",$609.82,"$608,965,000","$1,383,716,43",$858.22,"$195,264,805,22",$1.87,"$200,729,000","$38,488,100","$7,642,700,00","$6,351,840,000","$99,150,400","$1,350,079,32","$1,853,850,000","$219,202,000","$878,770,11","$5,186,158,78","$38,619,800","$29,064,900",$27.58,$117.58,"$5,746,885,06",1520275425.2958035,$3.59,"$1,881,272,01","$3,114,787,74","$39,809,400","$7,205,110","$115,950,000","$981,364,00","$2,226,251,59","$7,926,268,44","$346,154,000","$2,229,630,000","$1,867,930,000","$1,017,121,31",$17.47,"$2,024,547,85","$21,627,682,75","$40,677,917,39",$111.57,"$5,814,197,57",$395.36,"$1,995,063,14",$15.19,"$54,002,500","$1,915,773,46",$22.61,$26.99,"$615,322,000","$84,108,428,35",$1272.11,"$24,763,700","$28,686,000","$6,866,485,52",$0.371802,"$1,782,560,92",$8.29,"$21,417,900",$10.27,$4.69,"$130,606,000","$72,858,600",$490.68,"$189,405,000","$14,424,400",$18.69,"$4,834,808,70","$292,587,000",$0.305714,$3.50,"$2,209,582,58","$3,273,543,00","$11,778,911,26",$0.047374,$11552.90,$0.363727,"$52,883,300","$819,029,80",$1.04,"$4,597,950",$212.25,$0.055822
"$834,115,17",$0.999571,"$2,772,392,51","$821,194,94",$8.12,$369.10,"$17,072,300","$93,969,700","$8,248,640",$611.48,"$609,904,000","$1,385,113,63",$859.39,"$195,569,037,62",$1.87,"$201,520,000","$38,628,000","$7,666,490,00","$6,371,090,000","$99,629,800","$1,353,012,65","$1,858,980,000","$219,528,000","$879,206,82","$5,205,254,15","$38,690,300","$29,200,800",$27.64,$117.95,"$5,756,742,96",1520275730.3102546,$3.59,"$1,884,307,19","$3,120,501,26","$39,860,000","$7,211,680","$116,044,000","$990,296,00","$2,228,099,71","$7,958,210,59","$347,375,000","$2,228,740,000","$1,870,140,000","$1,018,576,82",$17.47,"$2,029,011,67","$21,698,578,69","$40,711,536,47",$111.75,"$5,828,488,69",$396.22,"$1,997,362,28",$15.23,"$54,144,500","$1,924,793,78",$22.54,$27.02,"$616,543,000","$84,222,699,71",$1276.28,"$24,866,700","$28,771,700","$6,894,021,50",$0.373293,"$1,782,611,95",$8.31,"$21,484,600",$10.29,$4.69,"$131,027,000","$72,856,000",$495.15,"$190,252,000","$14,457,800",$18.78,"$4,847,969,57","$293,158,000",$0.306946,$3.50,"$2,216,189,66","$3,282,075,00","$11,809,544,46",$0.047461,$11570.90,$0.364675,"$52,903,500","$822,460,15",$1.04,"$4,641,340",$212.80,$0.056056
"$835,236,39",$0.996604,"$2,768,360,35","$820,271,49",$8.12,$369.50,"$17,009,200","$93,930,500","$8,204,600",$611.35,"$609,344,000","$1,384,310,82",$860.04,"$196,148,769,36",$1.87,"$201,479,000","$38,676,400","$7,691,905,00","$6,390,330,000","$100,033,000","$1,352,831,67","$1,862,130,000","$218,954,000","$876,079,55","$5,197,666,03","$38,727,200","$29,146,600",$27.60,$118.34,"$5,754,007,41",1520276035.4936352,$3.59,"$1,883,143,70","$3,120,948,35","$39,767,300","$7,192,180","$115,919,000","$984,140,00","$2,224,194,44","$7,950,951,01","$347,358,000","$2,233,430,000","$1,865,470,000","$1,019,012,48",$17.43,"$2,028,398,73","$21,702,489,02","$40,641,170,95",$111.68,"$5,834,931,54",$396.17,"$2,001,820,08",$15.22,"$54,213,900","$1,921,216,40",$22.57,$27.08,"$615,679,000","$84,286,009,57",$1276.51,"$24,830,200","$28,632,800","$6,894,852,56",$0.373338,"$1,779,009,84",$8.31,"$21,324,400",$10.29,$4.68,"$131,033,000","$72,595,200",$492.07,"$190,752,000","$14,424,900",$18.74,"$4,846,923,04","$292,736,000",$0.306666,$3.49,"$2,209,611,40","$3,280,770,00","$11,823,085,23",$0.047468,$11605.20,$0.364530,"$52,652,100","$821,673,73",$1.04,"$4,633,450",$213.05,$0.056002
"$835,502,82",$0.999378,"$2,770,436,61","$821,920,87",$8.14,$371.50,"$17,103,200","$94,437,700","$8,224,630",$614.00,"$609,704,000","$1,389,332,24",$860.79,"$196,616,949,22",$1.88,"$201,623,000","$38,821,900","$7,710,885,00","$6,429,840,000","$100,247,000","$1,363,543,95","$1,871,170,000","$219,093,000","$880,042,60","$5,216,372,27","$38,921,300","$29,327,700",$27.62,$118.63,"$5,768,946,62",1520276340.8091748,$3.60,"$1,886,364,36","$3,132,178,14","$39,873,900","$7,197,600","$116,299,000","$991,214,00","$2,221,952,00","$7,931,090,87","$349,555,000","$2,242,330,000","$1,861,470,000","$1,020,289,76",$17.47,"$2,024,987,57","$21,782,735,75","$40,514,513,01",$111.87,"$5,866,529,93",$399.30,"$2,001,184,31",$15.20,"$54,855,100","$1,931,835,79",$22.58,$27.07,"$616,672,000","$84,359,707,74",$1281.23,"$24,825,000","$28,690,100","$6,901,999,73",$0.373725,"$1,783,142,57",$8.32,"$21,408,700",$10.30,$4.68,"$132,082,000","$72,864,900",$495.61,"$191,484,000","$14,470,000",$18.85,"$4,867,909,06","$293,572,000",$0.305900,$3.51,"$2,215,761,75","$3,278,970,00","$11,823,806,66",$0.047639,$11632.90,$0.364330,"$52,782,200","$824,245,76",$1.04,"$4,652,140",$213.06,$0.056177
"$836,727,65",$0.997876,"$2,768,239,01","$821,715,59",$8.15,$372.22,"$17,189,400","$94,536,600","$8,241,260",$614.87,"$612,108,000","$1,384,573,27",$862.33,"$197,098,942,05",$1.88,"$201,965,000","$38,841,500","$7,701,330,00","$6,464,390,000","$100,309,000","$1,367,786,29","$1,876,660,000","$218,841,000","$878,315,82","$5,222,320,47","$39,127,400","$29,339,700",$27.60,$118.48,"$5,777,883,22",1520276645.7217107,$3.59,"$1,885,124,86","$3,136,057,28","$40,084,100","$7,188,320","$116,394,000","$992,118,00","$2,218,861,81","$7,935,939,24","$349,838,000","$2,247,470,000","$1,864,360,000","$1,020,705,62",$17.47,"$2,032,649,35","$21,793,972,71","$40,549,695,77",$111.80,"$5,877,784,64",$400.54,"$2,004,688,88",$15.25,"$55,206,700","$1,930,778,79",$22.61,$27.12,"$616,625,000","$84,510,893,80",$1281.89,"$24,847,900","$28,664,300","$6,870,567,09",$0.372023,"$1,782,877,26",$8.32,"$21,351,500",$10.31,$4.67,"$132,671,000","$72,796,500",$496.06,"$191,371,000","$14,539,100",$18.84,"$4,874,866,55","$293,908,000",$0.306087,$3.50,"$2,212,431,60","$3,276,522,00","$11,841,956,69",$0.047698,$11661.40,$0.364058,"$52,743,000","$825,779,16",$1.04,"$4,653,280",$213.39,$0.056282
"$834,566,62",$0.999963,"$2,753,925,79","$822,560,03",$8.17,$371.68,"$17,239,100","$94,760,200","$8,252,690",$616.17,"$612,429,000","$1,395,901,39",$862.86,"$197,376,131,98",$1.88,"$202,134,000","$39,051,900","$7,703,800,00","$6,478,270,000","$100,539,000","$1,368,581,95","$1,879,540,000","$218,862,000","$874,244,84","$5,224,571,89","$39,218,800","$29,421,900",$27.46,$118.52,"$5,787,145,82",1520276950.9527357,$3.62,"$1,889,036,92","$3,139,094,85","$40,186,900","$7,177,160","$116,366,000","$994,574,00","$2,215,564,58","$7,933,631,73","$350,361,000","$2,250,330,000","$1,862,480,000","$1,021,913,59",$17.49,"$2,028,118,91","$21,826,615,47","$40,508,258,29",$112.03,"$5,869,383,66",$400.77,"$2,006,307,89",$15.22,"$55,309,600","$1,933,812,91",$22.55,$27.14,"$617,045,000","$84,563,227,50",$1283.81,"$24,836,800","$28,524,000","$6,873,208,03",$0.372166,"$1,785,081,37",$8.33,"$21,424,800",$10.32,$4.66,"$132,673,000","$72,540,800",$497.29,"$190,746,000","$14,568,300",$18.87,"$4,885,173,26","$294,188,000",$0.305998,$3.48,"$2,217,058,77","$3,273,894,00","$11,843,566,05",$0.047744,$11677.80,$0.363766,"$52,768,900","$827,218,51",$1.04,"$4,679,280",$213.42,$0.056380
"$830,055,82",$0.999699,"$2,739,542,36","$821,844,97",$8.16,$370.52,"$17,240,400","$94,842,500","$8,127,680",$616.42,"$611,974,000","$1,389,150,83",$863.80,"$197,374,441,80",$1.88,"$202,340,000","$38,693,000","$7,707,570,00","$6,473,170,000","$100,515,000","$1,368,359,99","$1,881,280,000","$218,591,000","$876,528,81","$5,226,517,56","$39,186,300","$29,452,400",$27.31,$118.58,"$5,780,434,51",1520277256.0548146,$3.60,"$1,890,369,05","$3,139,108,00","$40,228,100","$7,203,720","$116,101,000","$994,184,00","$2,219,127,87","$7,934,772,52","$350,538,000","$2,244,360,000","$1,858,900,000","$1,022,210,63",$17.50,"$2,024,707,75","$21,824,745,31","$40,514,903,93",$112.11,"$5,851,002,55",$400.70,"$2,005,531,65",$15.20,"$55,039,000","$1,933,915,42",$22.43,$27.13,"$616,879,000","$84,655,252,49",$1283.70,"$24,776,400","$28,255,800","$6,881,481,75",$0.372614,"$1,786,183,43",$8.32,"$21,463,600",$10.32,$4.67,"$132,213,000","$72,390,900",$497.09,"$190,108,000","$14,575,100",$18.87,"$4,887,107,75","$294,120,000",$0.306042,$3.49,"$2,216,473,45","$3,267,729,00","$11,838,515,99",$0.047744,$11677.70,$0.363081,"$52,833,100","$828,948,37",$1.04,"$4,694,130",$213.32,$0.056498
"$821,167,46",$0.999062,"$2,728,639,43","$819,692,88",$8.15,$369.22,"$17,378,500","$94,774,900","$8,127,350",$616.78,"$611,522,000","$1,387,190,13",$863.40,"$197,344,018,51",$1.88,"$202,388,000","$38,949,300","$7,671,300,00","$6,466,680,000","$100,677,000","$1,367,929,71","$1,881,690,000","$218,622,000","$873,933,62","$5,222,070,31","$39,102,100","$29,406,400",$27.20,$118.02,"$5,774,991,76",1520277560.9690626,$3.59,"$1,885,630,73","$3,140,429,53","$40,084,700","$7,191,860","$116,283,000","$1,001,268,00","$2,211,098,60","$7,928,472,24","$350,281,000","$2,243,490,000","$1,857,080,000","$1,021,299,70",$17.50,"$2,020,790,25","$21,817,774,72","$40,477,766,57",$111.83,"$5,830,536,99",$400.58,"$2,002,352,79",$15.17,"$55,117,600","$1,928,872,21",$22.19,$27.09,"$616,163,000","$84,615,561,20",$1283.29,"$24,705,900","$28,197,200","$6,867,907,68",$0.371879,"$1,785,734,45",$8.30,"$21,379,800",$10.31,$4.65,"$131,579,000","$72,417,900",$500.63,"$189,233,000","$14,570,200",$18.82,"$4,889,961,91","$293,869,000",$0.305799,$3.48,"$2,215,061,13","$3,267,054,00","$11,823,809,76",$0.047765,$11675.90,$0.363006,"$52,665,700","$828,766,43",$1.04,"$4,711,820",$213.06,$0.056485
"$826,077,89",$0.999102,"$2,726,391,02","$818,264,89",$8.15,$367.74,"$17,095,700","$94,779,300","$8,145,560",$617.16,"$611,742,000","$1,384,963,10",$862.68,"$197,359,522,08",$1.88,"$202,571,000","$38,881,300","$7,661,485,00","$6,459,470,000","$100,648,000","$1,367,147,00","$1,882,690,000","$218,309,000","$874,746,81","$5,219,763,30","$39,400,900","$29,307,000",$27.18,$117.87,"$5,775,650,84",1520277866.0639818,$3.59,"$1,885,026,48","$3,131,172,19","$40,086,700","$7,187,050","$116,544,000","$1,003,802,00","$2,206,081,50","$7,920,331,14","$350,413,000","$2,247,410,000","$1,852,960,000","$1,022,428,46",$17.49,"$2,024,774,37","$21,801,809,40","$40,439,456,45",$111.79,"$5,807,111,08",$400.34,"$2,000,261,62",$15.20,"$55,139,400","$1,925,324,33",$22.32,$27.06,"$616,786,000","$84,545,266,12",$1282.35,"$24,610,900","$28,292,600","$6,860,151,07",$0.371459,"$1,785,152,80",$8.28,"$21,386,500",$10.33,$4.64,"$131,005,000","$72,504,600",$501.90,"$188,294,000","$14,575,600",$18.78,"$4,893,016,22","$293,198,000",$0.305485,$3.49,"$2,215,149,82","$3,271,662,00","$11,819,529,05",$0.047624,$11676.80,$0.363518,"$52,745,000","$829,649,86",$1.03,"$4,746,140",$212.98,$0.056545
"$822,077,76",$0.999168,"$2,713,000,54","$819,737,48",$8.14,$367.60,"$16,997,500","$94,876,400","$8,154,130",$617.51,"$610,536,000","$1,381,944,84",$862.37,"$197,227,687,65",$1.88,"$202,431,000","$38,947,200","$7,660,120,00","$6,454,830,000","$101,006,000","$1,367,874,38","$1,883,240,000","$217,657,000","$878,423,75","$5,220,263,62","$39,461,000","$29,286,500",$27.05,$117.85,"$5,771,738,87",1520278171.4182549,$3.58,"$1,886,797,03","$3,134,091,41","$40,063,400","$7,200,550","$116,632,000","$1,007,066,00","$2,207,915,40","$7,920,045,94","$350,380,000","$2,238,650,000","$1,850,830,000","$1,022,893,83",$17.49,"$2,032,396,18","$21,810,310,13","$40,414,828,52",$111.89,"$5,804,947,66",$400.55,"$1,997,541,11",$15.25,"$55,290,500","$1,928,317,47",$22.22,$27.02,"$615,687,000","$84,515,669,06",$1282.85,"$24,556,900","$28,161,700","$6,850,289,09",$0.370925,"$1,784,999,74",$8.30,"$21,333,400",$10.33,$4.65,"$131,177,000","$72,475,200",$503.53,"$188,501,000","$14,545,900",$18.81,"$4,895,806,97","$293,571,000",$0.305474,$3.50,"$2,215,296,15","$3,261,123,00","$11,815,755,36",$0.047668,$11669.00,$0.362347,"$52,707,900","$828,103,40",$1.03,"$4,760,030",$212.91,$0.056440
"$819,546,68",$0.998360,"$2,720,824,19","$816,049,59",$8.14,$368.38,"$16,990,500","$94,967,600","$8,204,270",$616.61,"$610,578,000","$1,383,396,08",$862.29,"$197,119,515,81",$1.88,"$203,008,000","$38,904,300","$7,645,040,00","$6,455,220,000","$101,293,000","$1,367,058,21","$1,883,030,000","$217,336,000","$875,424,47","$5,219,068,42","$39,488,100","$29,531,900",$27.13,$117.62,"$5,770,753,79",1520278476.5912056,$3.58,"$1,889,393,83","$3,133,105,19","$40,036,100","$7,198,440","$116,580,000","$1,004,700,00","$2,210,789,78","$7,948,565,72","$350,738,000","$2,238,320,000","$1,851,690,000","$1,022,755,21",$17.48,"$2,020,323,88","$21,789,058,32","$40,467,211,74",$112.05,"$5,817,233,37",$400.31,"$1,998,812,65",$15.16,"$55,325,200","$1,927,312,92",$22.15,$27.04,"$619,482,000","$84,507,534,77",$1281.60,"$24,278,700","$28,075,500","$6,836,511,87",$0.370179,"$1,784,009,93",$8.26,"$21,403,100",$10.33,$4.65,"$131,326,000","$72,302,200",$502.35,"$188,776,000","$14,529,200",$18.80,"$4,888,631,89","$293,532,000",$0.306574,$3.49,"$2,213,504,70","$3,256,119,00","$11,799,217,72",$0.047653,$11662.60,$0.361791,"$52,615,900","$826,935,48",$1.04,"$4,758,000",$212.62,$0.056360
"$818,247,84",$0.998664,"$2,718,808,10","$813,451,08",$8.13,$367.81,"$16,957,600","$95,071,800","$8,205,110",$616.02,"$609,896,000","$1,379,509,39",$861.82,"$197,183,742,84",$1.88,"$202,739,000","$38,888,800","$7,634,315,00","$6,453,320,000","$101,413,000","$1,366,040,55","$1,881,210,000","$216,988,000","$877,507,65","$5,214,343,22","$39,408,400","$29,514,100",$27.11,$117.45,"$5,760,817,93",1520278781.8357322,$3.57,"$1,886,982,51","$3,130,481,83","$39,801,900","$7,191,700","$116,523,000","$1,000,982,00","$2,205,710,92","$7,920,927,46","$350,356,000","$2,234,180,000","$1,854,030,000","$1,019,814,49",$17.48,"$2,021,683,01","$21,780,557,59","$40,519,594,96",$111.91,"$5,808,153,32",$400.02,"$1,996,816,62",$15.17,"$55,108,500","$1,922,966,73",$22.11,$27.01,"$620,004,000","$84,461,375,13",$1281.10,"$24,261,000","$28,073,600","$6,843,252,73",$0.370544,"$1,784,071,15",$8.24,"$21,414,800",$10.30,$4.64,"$131,297,000","$72,249,000",$500.49,"$188,510,000","$14,503,500",$18.76,"$4,883,938,35","$293,139,000",$0.305508,$3.50,"$2,214,178,71","$3,254,535,00","$11,797,885,83",$0.047613,$11666.40,$0.361615,"$52,697,300","$825,920,16",$1.04,"$4,762,330",$212.59,$0.056291
"$809,751,72",$0.999831,"$2,715,114,06","$814,509,97",$8.13,$367.72,"$16,965,200","$95,229,000","$8,223,490",$616.36,"$609,848,000","$1,380,840,98",$861.53,"$197,175,875,21",$1.88,"$203,273,000","$39,038,100","$7,634,510,00","$6,454,660,000","$101,540,000","$1,365,150,33","$1,882,190,000","$216,661,000","$877,256,67","$5,213,203,61","$39,485,300","$29,468,400",$27.07,$117.45,"$5,764,954,15",1520279086.766256,$3.58,"$1,884,892,98","$3,131,198,49","$39,776,700","$7,191,660","$116,425,000","$1,001,084,00","$2,204,556,41","$7,946,984,17","$350,827,000","$2,235,670,000","$1,849,390,000","$1,019,101,59",$17.49,"$2,012,382,28","$21,784,499,96","$40,467,211,74",$111.78,"$5,806,825,05",$399.75,"$1,997,061,44",$15.10,"$55,191,200","$1,922,022,43",$21.88,$27.01,"$619,819,000","$84,433,671,33",$1281.33,"$24,260,600","$27,967,900","$6,860,428,09",$0.371474,"$1,785,132,40",$8.25,"$21,367,500",$10.29,$4.64,"$131,144,000","$71,744,900",$500.54,"$188,959,000","$14,528,100",$18.75,"$4,886,705,01","$293,237,000",$0.306513,$3.50,"$2,216,766,11","$3,245,607,00","$11,795,859,07",$0.047624,$11665.90,$0.360623,"$52,626,500","$825,402,89",$1.04,"$4,796,600",$212.56,$0.056256
"$806,998,62",$0.998480,"$2,705,906,20","$814,048,74",$8.12,$368.06,"$16,986,400","$95,370,600","$8,220,370",$615.92,"$609,255,000","$1,382,330,81",$861.37,"$197,187,706,54",$1.88,"$203,099,000","$39,257,100","$7,626,385,00","$6,456,250,000","$101,740,000","$1,364,293,16","$1,881,970,000","$216,211,000","$876,742,15","$5,218,151,17","$39,546,800","$29,497,200",$26.98,$117.33,"$5,760,420,96",1520279392.088853,$3.58,"$1,884,892,98","$3,135,643,07","$39,785,700","$7,194,230","$116,220,000","$998,300,00","$2,208,932,12","$7,933,605,80","$350,805,000","$2,231,480,000","$1,847,040,000","$1,019,883,80",$17.50,"$2,019,551,04","$21,788,240,28","$40,392,546,10",$111.78,"$5,812,162,57",$399.50,"$1,997,379,33",$15.16,"$55,211,300","$1,925,200,09",$21.81,$27.02,"$619,156,000","$84,417,696,72",$1281.55,"$24,264,100","$27,879,100","$6,860,465,03",$0.371476,"$1,786,224,25",$8.24,"$21,345,700",$10.30,$4.65,"$131,245,000","$71,469,600",$499.15,"$188,761,000","$14,531,900",$18.78,"$4,883,216,56","$293,350,000",$0.305997,$3.49,"$2,213,770,75","$3,247,191,00","$11,794,638,17",$0.047692,$11666.60,$0.360799,"$52,642,100","$826,441,69",$1.03,"$4,889,730",$212.53,$0.056326
"$804,234,41",$0.998624,"$2,693,719,33","$815,181,58",$8.13,$367.85,"$16,924,200","$95,501,800","$8,214,970",$615.85,"$608,880,000","$1,382,639,58",$860.89,"$197,265,455,28",$1.87,"$203,149,000","$39,181,500","$7,624,825,00","$6,460,640,000","$102,104,000","$1,363,586,25","$1,883,110,000","$216,047,000","$875,319,06","$5,208,617,38","$39,550,200","$29,538,800",$26.86,$117.31,"$5,765,138,60",1520279697.133626,$3.58,"$1,884,488,28","$3,138,411,07","$39,823,100","$7,142,660","$116,184,000","$996,606,00","$2,209,473,74","$7,931,816,83","$351,374,000","$2,230,150,000","$1,843,660,000","$1,020,606,60",$17.52,"$2,020,203,96","$21,795,210,89","$39,978,562,28",$111.76,"$5,808,893,73",$399.29,"$2,000,728,23",$15.16,"$55,365,800","$1,928,418,75",$21.73,$27.06,"$618,098,000","$84,370,654,91",$1281.96,"$24,220,600","$27,802,600","$6,861,683,92",$0.371542,"$1,787,734,48",$8.25,"$21,278,500",$10.31,$4.65,"$131,374,000","$71,193,800",$498.30,"$188,527,000","$14,554,600",$18.81,"$4,882,669,51","$293,441,000",$0.305928,$3.49,"$2,214,090,02","$3,242,016,00","$11,790,975,46",$0.047734,$11671.20,$0.360224,"$52,616,500","$826,259,75",$1.02,"$4,877,530",$212.47,$0.056314
"$803,424,03",$0.998299,"$2,687,139,42","$818,562,31",$8.12,$367.08,"$16,940,500","$95,573,600","$8,231,210",$615.46,"$608,962,000","$1,380,273,61",$860.17,"$197,431,093,90",$1.87,"$202,821,000","$39,266,600","$7,587,125,00","$6,470,560,000","$102,186,000","$1,362,875,92","$1,881,910,000","$215,590,000","$875,148,39","$5,200,334,38","$39,532,000","$29,469,600",$26.79,$116.72,"$5,760,059,16",1520280002.393579,$3.58,"$1,884,437,69","$3,136,208,50","$39,848,700","$7,135,250","$116,134,000","$997,696,00","$2,199,776,86","$7,900,159,88","$351,436,000","$2,229,100,000","$1,847,130,000","$1,018,507,51",$17.51,"$2,014,554,23","$21,792,490,65","$39,556,369,15",$111.75,"$5,796,734,30",$399.08,"$1,999,050,08",$15.12,"$55,439,800","$1,923,549,76",$21.71,$27.04,"$618,236,000","$84,299,994,20",$1281.80,"$24,189,000","$27,769,900","$6,849,217,94",$0.370867,"$1,786,969,16",$8.29,"$21,349,600",$10.29,$4.63,"$131,178,000","$70,956,000",$498.85,"$188,409,000","$14,583,000",$18.77,"$4,879,561,62","$293,179,000",$0.304707,$3.49,"$2,213,369,45","$3,228,327,00","$11,783,372,57",$0.047700,$11681.00,$0.358703,"$52,659,100","$826,698,46",$1.01,"$4,873,130",$212.33,$0.056344
"$800,992,86",$1.00,"$2,683,617,55","$817,044,42",$8.12,$368.30,"$16,971,800","$96,095,800","$8,243,790",$615.69,"$609,222,000","$1,382,172,56",$860.07,"$197,304,329,65",$1.87,"$203,455,000","$39,376,600","$7,594,730,00","$6,483,630,000","$102,255,000","$1,363,426,79","$1,882,940,000","$215,076,000","$875,991,70","$5,193,691,31","$39,583,400","$29,537,600",$26.75,$116.84,"$5,761,673,03",1520280307.3229704,$3.58,"$1,883,695,75","$3,141,021,27","$39,924,100","$7,137,110","$116,118,000","$995,724,00","$2,194,208,63","$7,907,134,26","$351,854,000","$2,234,010,000","$1,851,230,000","$1,017,131,21",$17.57,"$2,008,931,15","$21,797,607,12","$39,178,349,93",$111.71,"$5,816,000,89",$399.24,"$1,995,421,12",$15.08,"$55,524,400","$1,926,428,92",$21.65,$26.99,"$618,523,000","$84,290,137,35",$1282.10,"$24,173,000","$27,747,200","$6,876,975,53",$0.372370,"$1,793,030,49",$8.27,"$21,283,800",$10.27,$4.62,"$132,116,000","$70,893,300",$497.86,"$188,859,000","$14,605,100",$18.79,"$4,881,381,30","$293,595,000",$0.304976,$3.49,"$2,217,162,98","$3,228,588,00","$11,782,143,94",$0.047774,$11673.50,$0.358732,"$52,779,200","$825,557,30",$1.00,"$4,881,850",$212.31,$0.056266
"$798,347,07",$0.999060,"$2,667,558,91","$813,814,80",$8.13,$367.09,"$16,959,600","$96,072,900","$8,246,830",$614.33,"$608,893,000","$1,382,558,53",$860.12,"$197,547,717,01",$1.87,"$203,856,000","$39,527,700","$7,573,150,00","$6,490,980,000","$102,490,000","$1,361,736,32","$1,881,990,000","$213,784,000","$876,353,12","$5,189,271,85","$39,594,900","$29,581,200",$26.59,$116.51,"$5,764,993,41",1520280612.4174588,$3.58,"$1,883,341,64","$3,129,423,29","$39,861,400","$7,125,130","$116,286,000","$992,924,00","$2,192,023,15","$7,894,041,09","$351,492,000","$2,234,670,000","$1,856,040,000","$1,016,576,73",$17.54,"$2,000,096,79","$21,787,576,24","$38,847,280,14",$111.69,"$5,796,972,11",$398.74,"$1,994,312,22",$15.01,"$55,605,500","$1,925,752,39",$21.57,$26.98,"$616,578,000","$84,295,527,57",$1281.51,"$24,166,700","$27,686,200","$6,862,090,22",$0.371564,"$1,790,091,66",$8.24,"$21,351,600",$10.27,$4.61,"$131,857,000","$70,844,700",$496.46,"$188,988,000","$14,605,100",$18.79,"$4,870,614,64","$292,993,000",$0.304471,$3.49,"$2,215,056,70","$3,223,638,00","$11,786,972,07",$0.047597,$11687.90,$0.358182,"$53,006,200","$824,424,59",$0.993741,"$4,932,660",$212.39,$0.056189
"$801,640,43",$0.999839,"$2,659,053,15","$816,023,19",$8.13,$368.09,"$17,087,300","$96,433,800","$8,263,920",$614.37,"$609,605,000","$1,386,159,60",$859.84,"$197,524,054,35",$1.87,"$204,363,000","$39,608,800","$7,578,480,00","$6,507,810,000","$102,913,000","$1,363,262,86","$1,882,690,000","$211,854,000","$876,212,57","$5,193,329,97","$39,809,100","$29,711,300",$26.51,$116.59,"$5,766,050,54",1520280917.4326904,$3.59,"$1,887,118,81","$3,139,627,41","$39,756,800","$7,147,590","$116,075,000","$983,814,00","$2,199,411,03","$7,864,173,10","$352,706,000","$2,232,360,000","$1,856,290,000","$1,018,458,00",$17.57,"$1,981,455,36","$21,841,130,93","$38,466,329,03",$111.91,"$5,812,637,30",$399.19,"$1,994,304,82",$14.87,"$55,745,100","$1,930,426,64",$21.66,$26.98,"$618,204,000","$84,267,694,43",$1284.66,"$24,110,300","$28,073,600","$6,874,667,01",$0.372245,"$1,792,622,32",$8.26,"$21,375,500",$10.29,$4.63,"$132,185,000","$71,017,700",$491.91,"$190,409,000","$14,670,600",$18.83,"$4,870,884,20","$293,622,000",$0.303319,$3.49,"$2,216,783,85","$3,234,510,00","$11,795,074,46",$0.047752,$11686.50,$0.359390,"$53,994,900","$823,382,85",$0.983996,"$4,962,160",$212.54,$0.056118
"$801,740,34",$0.996666,"$2,663,657,09","$820,045,89",$8.12,$366.97,"$17,066,100","$96,774,500","$8,241,830",$613.54,"$608,284,000","$1,379,177,46",$858.76,"$197,312,780,60",$1.87,"$204,498,000","$39,532,900","$7,534,735,00","$6,512,310,000","$103,044,000","$1,361,121,61","$1,881,250,000","$211,669,000","$876,629,20","$5,189,077,29","$39,794,800","$29,726,500",$26.56,$115.92,"$5,764,127,84",1520281222.443937,$3.57,"$1,881,807,16","$3,129,600,81","$39,638,400","$7,158,770","$115,978,000","$977,196,00","$2,206,789,40","$7,848,305,74","$352,487,000","$2,238,040,000","$1,880,910,000","$1,016,012,35",$17.54,"$1,976,765,02","$21,802,367,54","$38,727,541,48",$111.60,"$5,794,998,17",$398.56,"$1,982,846,10",$14.84,"$55,665,700","$1,923,312,75",$21.67,$26.82,"$620,738,000","$84,161,948,07",$1282.38,"$24,147,300","$28,002,400","$6,868,646,41",$0.371919,"$1,790,101,87",$8.30,"$21,329,800",$10.26,$4.64,"$131,992,000","$70,688,900",$488.60,"$191,350,000","$14,616,600",$18.76,"$4,864,351,26","$293,034,000",$0.302707,$3.49,"$2,209,748,86","$3,226,752,00","$11,778,092,75",$0.047600,$11674.00,$0.358528,"$54,332,100","$819,180,66",$0.990678,"$4,956,990",$212.23,$0.055831
"$803,801,47",$0.996569,"$2,676,102,87","$819,312,23",$8.13,$366.32,"$16,973,900","$96,918,100","$8,206,390",$612.57,"$608,838,000","$1,370,933,22",$858.85,"$197,583,795,50",$1.86,"$205,268,000","$39,680,100","$7,504,380,00","$6,525,470,000","$103,439,000","$1,361,992,92","$1,883,420,000","$211,454,000","$877,695,89","$5,177,125,31","$39,870,200","$29,830,400",$26.68,$115.45,"$5,768,803,49",1520281527.559802,$3.55,"$1,882,346,76","$3,126,523,79","$39,578,900","$7,164,570","$115,890,000","$978,264,00","$2,212,932,50","$7,843,198,10","$352,628,000","$2,241,290,000","$1,882,120,000","$1,016,279,69",$17.56,"$1,982,814,49","$21,820,437,24","$38,498,579,89",$111.63,"$5,784,738,29",$398.80,"$1,986,972,21",$14.88,"$55,657,500","$1,922,870,66",$21.72,$26.88,"$624,302,000","$84,171,244,48",$1283.44,"$24,228,300","$28,075,500","$6,867,612,19",$0.371863,"$1,792,275,37",$8.30,"$21,343,000",$10.26,$4.66,"$131,670,000","$70,534,700",$489.13,"$194,549,000","$14,607,200",$18.76,"$4,856,692,10","$293,658,000",$0.302510,$3.50,"$2,209,533,80","$3,223,449,00","$11,775,516,27",$0.047553,$11690.00,$0.358161,"$54,522,000","$818,327,14",$0.984821,"$4,952,380",$212.19,$0.055773
"$801,392,51",$0.997835,"$2,699,022,36","$824,649,50",$8.14,$365.20,"$16,004,400","$97,086,500","$8,206,120",$612.91,"$609,824,000","$1,379,266,24",$859.29,"$197,438,438,73",$1.86,"$206,765,000","$39,696,400","$7,484,230,00","$6,541,190,000","$103,712,000","$1,362,563,26","$1,885,230,000","$211,091,000","$876,689,44","$5,175,540,97","$39,973,000","$29,981,300",$26.91,$115.14,"$5,772,088,58",1520281832.5123134,$3.57,"$1,882,380,48","$3,125,005,01","$39,495,300","$7,169,030","$115,969,000","$982,518,00","$2,216,391,27","$7,876,981,08","$352,734,000","$2,242,960,000","$1,893,440,000","$1,017,923,32",$17.56,"$1,984,453,44","$21,834,718,52","$38,631,414,36",$111.63,"$5,767,099,10",$398.97,"$1,982,839,68",$14.89,"$55,824,400","$1,928,108,72",$21.66,$26.82,"$630,469,000","$84,214,072,39",$1284.28,"$24,270,200","$28,188,600","$6,869,052,70",$0.371941,"$1,792,040,68",$8.35,"$21,273,000",$10.28,$4.67,"$131,737,000","$70,562,900",$491.26,"$196,103,000","$14,537,200",$18.81,"$4,859,395,66","$293,787,000",$0.303813,$3.49,"$2,212,340,70","$3,224,403,00","$11,792,942,00",$0.047530,$11681.40,$0.358267,"$54,732,900","$818,805,46",$0.988219,"$4,997,840",$212.50,$0.055806
"$797,307,26",$0.997017,"$2,684,658,81","$821,892,97",$8.13,$366.55,"$16,027,200","$97,169,600","$8,162,300",$611.14,"$609,385,000","$1,369,864,10",$857.51,"$197,282,940,79",$1.86,"$206,909,000","$40,128,000","$7,303,985,00","$6,557,470,000","$103,777,000","$1,362,710,11","$1,883,850,000","$210,391,000","$874,985,25","$5,163,505,61","$40,178,300","$29,986,400",$26.77,$112.37,"$5,766,660,74",1520282137.4749482,$3.55,"$1,884,100,45","$3,122,427,68","$39,268,200","$7,182,730","$115,479,000","$979,508,00","$2,218,890,32","$7,852,946,68","$352,737,000","$2,248,660,000","$1,901,300,000","$1,011,130,96",$17.54,"$1,979,030,24","$21,803,605,73","$38,370,006,45",$111.73,"$5,788,322,98",$399.01,"$1,979,446,42",$14.85,"$55,868,300","$1,924,941,28",$21.55,$26.78,"$630,229,000","$84,039,918,63",$1282.45,"$24,231,300","$28,152,000","$6,773,461,69",$0.366765,"$1,789,459,00",$8.32,"$21,303,800",$10.21,$4.67,"$132,580,000","$70,463,500",$489.75,"$202,440,000","$14,534,100",$18.78,"$4,845,346,63","$293,319,000",$0.302886,$3.49,"$2,210,527,08","$3,215,115,00","$11,775,460,78",$0.047491,$11672.20,$0.357235,"$54,742,000","$815,433,73",$0.981532,"$4,959,370",$212.19,$0.055576
"$794,953,80",$0.998383,"$2,695,209,61","$822,138,05",$8.12,$365.45,"$16,017,200","$97,259,600","$8,157,980",$609.73,"$608,817,000","$1,370,516,38",$857.11,"$196,914,618,08",$1.86,"$207,170,000","$40,321,800","$7,428,655,00","$6,557,420,000","$104,079,000","$1,360,625,70","$1,881,270,000","$210,126,000","$874,900,91","$5,157,696,39","$40,176,900","$29,214,900",$26.87,$114.29,"$5,758,081,89",1520282442.8279293,$3.55,"$1,881,658,19","$3,117,397,94","$39,217,300","$7,182,220","$113,764,000","$988,422,00","$2,227,950,56","$7,848,642,79","$351,729,000","$2,248,990,000","$1,904,020,000","$1,010,833,92",$17.53,"$1,985,612,70","$21,769,666,70","$38,400,654,54",$111.59,"$5,771,073,89",$398.39,"$1,978,863,14",$14.90,"$55,883,200","$1,921,711,16",$21.48,$26.77,"$633,991,000","$84,000,471,38",$1280.45,"$24,135,800","$28,088,700","$6,737,984,42",$0.364844,"$1,788,795,72",$8.32,"$21,239,300",$10.21,$4.69,"$132,435,000","$70,209,000",$494.21,"$207,411,000","$14,528,200",$18.75,"$4,834,178,16","$293,179,000",$0.302720,$3.49,"$2,213,555,69","$3,208,077,00","$11,767,361,19",$0.047414,$11650.40,$0.356453,"$54,872,200","$813,331,51",$0.982316,"$4,934,610",$212.04,$0.055432
"$797,455,28",$0.998253,"$2,697,586,82","$819,556,33",$8.10,$364.83,"$16,141,300","$97,353,600","$8,142,140",$609.19,"$608,398,000","$1,369,705,85",$857.18,"$196,733,767,09",$1.86,"$207,273,000","$40,278,300","$7,399,990,00","$6,571,590,000","$103,948,000","$1,357,391,42","$1,882,800,000","$209,741,000","$873,578,18","$5,167,035,61","$40,168,000","$29,180,100",$26.89,$113.85,"$5,750,057,09",1520282748.2674491,$3.55,"$1,880,292,34","$3,116,359,12","$39,082,400","$7,167,190","$113,760,000","$989,110,00","$2,229,152,57","$7,841,331,35","$351,762,000","$2,254,480,000","$1,900,440,000","$1,009,180,39",$17.49,"$1,983,014,36","$21,728,012,85","$38,303,315,57",$111.51,"$5,761,204,14",$397.44,"$1,974,294,44",$14.88,"$55,795,800","$1,914,658,71",$21.55,$26.71,"$635,246,000","$84,007,527,72",$1278.00,"$24,186,700","$28,157,600","$6,747,587,85",$0.365364,"$1,784,418,10",$8.30,"$21,250,100",$10.19,$4.69,"$132,078,000","$70,068,500",$494.56,"$208,397,000","$14,509,000",$18.68,"$4,829,896,83","$293,184,000",$0.302438,$3.48,"$2,213,267,46","$3,209,868,00","$11,742,554,38",$0.047398,$11639.70,$0.356652,"$54,997,800","$810,697,79",$0.979826,"$4,907,160",$211.59,$0.055253
"$791,675,25",$0.999332,"$2,679,943,28","$819,890,16",$8.12,$364.88,"$16,171,700","$97,513,300","$8,142,060",$609.88,"$609,054,000","$1,370,790,41",$857.95,"$196,816,586,70",$1.86,"$207,891,000","$40,662,100","$7,326,475,00","$6,579,620,000","$104,362,000","$1,359,939,23","$1,886,170,000","$210,078,000","$874,787,96","$5,168,842,31","$40,004,800","$29,262,300",$26.72,$112.72,"$5,759,642,86",1520283053.3011694,$3.55,"$1,880,882,52","$3,112,657,50","$39,079,500","$7,188,220","$113,968,000","$990,028,00","$2,237,604,68","$7,859,843,28","$352,064,000","$2,255,240,000","$1,895,570,000","$1,008,724,92",$17.48,"$1,985,705,98","$21,703,530,58","$38,049,608,77",$111.54,"$5,762,072,67",$398.19,"$1,976,504,86",$14.90,"$56,311,500","$1,909,584,64",$21.39,$26.74,"$632,526,000","$84,083,089,30",$1276.56,"$24,244,300","$28,163,700","$6,743,247,84",$0.365129,"$1,784,050,74",$8.30,"$21,187,200",$10.19,$4.71,"$132,084,000","$69,915,800",$495.01,"$209,183,000","$14,546,900",$18.63,"$4,835,383,28","$293,174,000",$0.303152,$3.49,"$2,215,659,76","$3,204,153,00","$11,750,490,34",$0.047342,$11644.60,$0.356017,"$55,078,400","$809,554,80",$0.973336,"$4,897,460",$211.74,$0.055175
"$792,692,86",$0.997696,"$2,691,388,01","$818,105,47",$8.11,$365.03,"$16,180,300","$97,410,400","$8,123,370",$610.43,"$608,019,000","$1,366,687,59",$857.13,"$196,564,747,47",$1.86,"$207,884,000","$40,574,200","$7,337,135,00","$6,583,500,000","$104,409,000","$1,359,768,46","$1,886,950,000","$209,976,000","$876,042,93","$5,167,813,88","$39,794,600","$29,387,800",$26.83,$112.88,"$5,757,407,84",1520283358.5496278,$3.54,"$1,881,860,54","$3,103,380,43","$39,033,900","$7,189,110","$113,738,000","$990,618,00","$2,229,670,44","$7,860,128,48","$351,911,000","$2,258,190,000","$1,901,530,000","$1,005,586,18",$17.45,"$1,995,126,63","$21,691,799,49","$38,052,970,68",$111.60,"$5,764,425,62",$398.14,"$1,974,390,54",$14.97,"$56,329,900","$1,913,930,91",$21.42,$26.71,"$635,322,000","$84,002,431,47",$1275.87,"$24,253,900","$28,246,500","$6,739,018,64",$0.364900,"$1,781,122,12",$8.28,"$21,291,600",$10.16,$4.69,"$131,952,000","$69,805,800",$495.31,"$210,111,000","$14,562,600",$18.67,"$4,839,759,75","$292,380,000",$0.303163,$3.49,"$2,212,032,52","$3,202,290,00","$11,737,615,22",$0.047201,$11629.70,$0.355810,"$55,023,400","$810,040,46",$0.973422,"$4,882,600",$211.50,$0.055208
